country,GDP,GNI,population
アメリカ,1.419059011,1.41949724,0
日本,1.067489432,1.088888889,1
ドイツ,1.318425076,1.154208623,1
フランス,1.161322645,0.986758886,0
イギリス,1.307835821,1.061854012,0
イタリア,1.032138443,0.901850485,1
カナダ,1.332533013,1.031194668,0
